k1,k2,k3,t1,t2,t3,loop,cost,accuracy,Singular
-1,-1,0,0,0,0,0,4.470148571428573,81.63265306122449,0
-1,-1,3,0,0,4,9,18.527819918367346,84.08163265306122,0
-1,1,0,0,2,0,0,2.714827959183673,75.51020408163265,0
-1,3,0,0,4,0,9,6.843638816326531,83.06122448979592,0
-1,5,-1,0,4,0,9,9.823284999999998,83.26530612244898,0
-1,5,0,0,4,0,9,10.712481897959185,83.6734693877551,0
-1,10,-1,0,4,0,9,19.584100714285714,85.71428571428571,0
-1,10,10,0,4,2,9,29.58427165306123,86.53061224489797,0
0,-1,-1,0,0,0,0,0.4255402040816325,57.14285714285714,0
1,0,-1,2,0,0,0,0.7679526530612245,63.26530612244898,0
1,0,-1,4,0,0,0,0.9343510204081632,69.38775510204081,0
1,1,0,4,4,0,0,1.6023295918367346,71.42857142857143,0
3,0,-1,4,0,0,9,2.2262902857142857,74.48979591836735,0
3,1,0,4,2,0,9,2.8824766122448984,77.55102040816327,0
3,1,0,4,4,0,9,3.1620889591836736,77.75510204081633,0
3,3,0,4,2,0,9,4.078640734693878,78.77551020408163,0
5,1,0,4,2,0,9,3.920571,78.57142857142857,0
-1,-1,0,0,0,0,0,4.470148571428573,81.63265306122449,1
-1,-1,3,0,0,2,9,15.487978448979591,83.46938775510203,1
-1,-1,3,0,0,4,9,18.527819918367346,84.08163265306122,1
-1,-1,10,0,0,2,9,51.99850138775511,86.3265306122449,1
-1,0,-1,0,0,0,0,1.4623214285714283,69.38775510204081,1
-1,5,-1,0,4,0,9,9.823284999999998,83.26530612244898,1
-1,10,-1,0,4,0,9,19.584100714285714,85.71428571428571,1
0,-1,-1,0,0,0,0,0.4255402040816325,57.14285714285714,1
3,-1,-1,2,0,0,9,1.4613059183673467,66.73469387755102,1
3,-1,-1,4,0,0,9,1.7223288571428572,70.61224489795919,1
5,-1,-1,2,0,0,9,2.434540571428572,70.81632653061224,1
5,-1,-1,4,0,0,9,2.868215816326531,74.89795918367346,1
